,CO_POSICAO,SG_AREA,CO_ITEM,TX_GABARITO,CO_HABILIDADE,IN_ITEM_ABAN,TX_MOTIVO_ABAN,NU_PARAM_A,NU_PARAM_B,NU_PARAM_C,TX_COR,CO_PROVA,TP_LINGUA,IN_ITEM_ADAPTADO,ANO,theta_065,imagAPI,OCRSearch,theta_080,theta_099,PercentEspAcerto,IN_ENCCEJA,IN_ENEM
39,40,CH,63472,A,"1,0",0,,"1,4864","0,78624","0,0483",Branco,PROVA BRANCA REGULAR,,,2014,"578,6387920379639",https://niedsonemanoel.com.br/enem/An%C3%A1lise%20de%20Itens/OrdenarPorTri/1.%20Itens%20BNI_/63472.png,"QUESTÃO 40

Alguns dos desejos são naturais e necessários;
outros, naturais e não necessários; outros, nem
naturais nem necessários, mas nascidos de vã opinião.
Os desejos que não nos trazem dor se não satisfeitos
não são necessários, mas o seu impulso pode ser
facilmente desfeito, quando é difícil obter sua satisfação
ou parecem geradores de dano.
EPIGURO DE SAMOS Doutirias prcipais.: SANSON, E Textos de los
Rio de Jam: Eu, 1674

No fragmento da obra filosófica de Epicuro, o homem tem
como fim

alcançar o prazer moderado e a felicidade.

valorizar os deveres e as obrigações sociais.

aceitar o sofrimento e o rigorismo da vida com
resignação

refletir sobre os valores e as normas dadas pela
divindade.

defender a indiferença e a impossibilidade de se
atingir o saber

o o 000
","667,7000522613525","884,4034671783447","52,42",0,1
1048,57,CH,41694,D,"2,0",0,,"1,85369","1,36339","0,17458",AMARELA,PROVA AMARELA PPL,,"0,0",2016,"636,340856552124",https://niedsonemanoel.com.br/enem/An%C3%A1lise%20de%20Itens/OrdenarPorTri/1.%20Itens%20BNI_/41694.png,"QUESTÃO 12

A história não corresponde exatamente ao que foi
realmente conservado na memória popular, mas âquilo
que foi selecionado, escrito, descrito, popularizado e
institucionalizado por quem estava encarregado de fazê-lo.
Os historiadores, sejam quais forem seus objetivos, estão
envolvidos nesse processo, uma vez que eles contribuem,
conscientemente ou não, para a criação, demolição e
reestruturação de imagens do passado que pertencem
não só ao mundo da investigação especializada, mas
também à esfera pública na qual o homem atua como
ser político.

HOBSBAM, E: RANGER. T Ainvenção das traições.

Fio de Janio: Paz e Tera, 1684 (adapiad)

Uma vez que a neutralidade é inalcançável na atividade
mencionada, é tarefa do profissional envolvido

criticar as ideias dominantes.

respeitar os interesses sociais.

defender os direitos das minorias.
explicitar as escolhas realizadas.
satisfazer os financiadores de pesquisas.

0000
","697,8433132171631","873,762845993042","58,73",0,1
1818,72,CH,88500,E,"3,0",0,,"4,28812","1,05968","0,13154",Amarela,PROVA AMARELA REGULAR,,"0,0",2018,"605,971097946167",https://niedsonemanoel.com.br/enem/An%C3%A1lise%20de%20Itens/OrdenarPorTri/1.%20Itens%20BNI_/88500.png,"QUESTÃO 72

Outra importante manifestação das crenças
é tradições africanas na Colônia eram os objetos
conhecidos como “bolsas de mandinga”. A insegurança
tanto fsica como espiritual gerava uma necessidade
generalizada de proteção: das catástrofes da natureza,
das doenças, da má sorte, da violência dos núcleos
urbanos, dos roubos, das brigas, dos malefícios de
feiticeiros ete. Também para trazer sort, dinheiro e até.
atrair mulheres, o costume era corrente nas primeiras
décadas do século XVII, envolvendo não apenas
escravos, mas também homens brancos.
AA) fes FURO Hat s pc
A prática históico-cutural de matriz africana descrta no
texto representava um(a)
O expressão do valor das festividades da população
pobre
O ferramenta para submeter os cativos 0 trabalho
forçado.
O estratégia de subversão do poder da monarquia
portuguesa.
O elemento de conversão dos escravos ao catolicismo
O instrumento para minimizar o sentimento de
desamparo social.
","634,1068744659424","709,8023891448975","56,58",0,1
2216,86,CH,87503,E,"4,0",0,,"2,16789","0,98395","0,181",Amarela,PROVA AMARELA PPL,,"0,0",2019,"598,3941555023193",https://niedsonemanoel.com.br/enem/An%C3%A1lise%20de%20Itens/OrdenarPorTri/1.%20Itens%20BNI_/87503.png,"Questão 86
TEXTO!

Eu queria movimento e não um curso calmo da
existência. Queria excitação e perigo e a oportunidade
de sacrificar-me por meu amor. Sentia em mim uma
superabundância de energia que não encontrava
escoadouro em nossa vida.

TOLSTOI, L. Felicidade familiar. Apud KRAKAUER, 4
Na natureza solvagem. São Paulo Cia das Letras, 1998.
TEXTO

Meu lema me obrigava, mais que a qualquer outro
homem, a um enunciado mais exato da verdade; não
sendo suficiente que eu lhe sacrificasse em tudo o
meu interesse e as minhas simpatias, era preciso
sacrificar-lhe também minha fraqueza e minha
natureza tímida. Era preciso ter a coragem e a força
de ser sempre verdadeiro em todas as ocasiões.

ROUSSEAU, 1. Os devaneios do caminhante solitário.

Porto Alegre: L&PM, 2006.

Os textos de Tolstói e Rousseau retratam ideais da
existência humana e defendem uma experiência

O lógico-racional, focada na objetividade, clareza e
imparcialidade.

O místico-religiosa, ligada à sacralidade, elevação e
espiritualidade.

O sociopolítica, constituída por — integração,
solidariedade e organização.

O naturalista-científica, marcada pela experimentação,
análise e explicação.

O estético-romântica, caracterizada por sinceridade,

vitalidade e impulsividade.
","650,5100727081299","801,0451793670654","59,05",0,1
3088,56,CH,118059,A,"5,0",0,,"3,04986","0,83936","0,23466",AMARELA,PROVA AMARELA REGULAR,,,2021,"583,9316844940186",https://niedsonemanoel.com.br/enem/An%C3%A1lise%20de%20Itens/OrdenarPorTri/1.%20Itens%20BNI_/118059.png,"Questão 56
No seio de diversos povos africanos, nomeadamente
no antigo Reino do Congo, existem testemunhos gráficos
de que a escrita tomava várias formas. Exemplo disso são
as tampas de panela esculpidas em baixo-relevo do povo
Woyo (região de Cabinda), com cenas e provérbios do
cotidiano, desenhos na terra ou areia, imagens gravadas
ou inscritas nos bastões de chefe ou em pedras sagradas,
mas, sobretudo, movimentos do corpo humano inscritos.
num gestual familiar. Entre os Woyo existia o costume
de os pais oferecerem aos filhos testos ou tampas de
panelas entalhados, transmitindo uma espécie de recado,
com signos codificados que traduziam orientações para
conseguir uma boa relação conjugal, ter sensatez na
escolha do cônjuge e estar alerta para as dificuldades do
casamento.
ROORIGUES MR ML: TAVARES A CP Sgundades mangas do umatóu

cem erauras emo do ambamanto a acameno em Caem via
Ae do Museu Pauta 2 atoa. 2077 topo)

Para o povo Woyo, os artefatos culturais mencionados no
texto cumprem a função de uma

O pedagogia dos costumes sociais.

O imposição das formas de comunicação.

O desvalorização dos comportamentos da juventude.
O destiuição dos valores do matrimónio.

O etnografia das celebrações religiosas.
","618,0064678192139","725,7311344146729","61,73",0,1
1648,45,CH,54674,A,"6,0",0,,"1,67591","2,04657","0,23092",AMARELA,PROVA AMARELA PPL,,"0,0",2017,"704,6692371368408",https://niedsonemanoel.com.br/enem/An%C3%A1lise%20de%20Itens/OrdenarPorTri/1.%20Itens%20BNI_/54674.png,"QUESTÃO 90 SEE EEE —

Projeção cartográfica é uma transformação que faz corresponder, a cada ponto da superfície terrestre,

um ponto no plano

GASPAR, 1 A Cartas e projeções cartográficas. Lisboa: Lidel, 2005.

As relações do plano de projeção à superfície projetada mostradas nas figuras são identificadas, respectivamente, em:

","767,0538425445557","962,9957675933838","61,55",0,1
1041,54,CH,63689,C,"7,0",0,,"2,05773","1,1812","0,20371",AMARELA,PROVA AMARELA PPL,,"0,0",2016,"618,1304454803467",https://niedsonemanoel.com.br/enem/An%C3%A1lise%20de%20Itens/OrdenarPorTri/1.%20Itens%20BNI_/63689.png,"QUESTÃO 09

ALINGHORTH LG Outubro de 1962 Disponível em: wmaligcorg uk Acesso em: Ba 2016.

A charge faz alusão à intensa rivalidade entre as duas
maiores potências do século XX. O momento mais tenso
dessa disputa foi provocado pela

ampliação da Guerra do Vietnã

construção do muro de Berlim.

instalação de mísseis em Cuba.

eclosão da Guerra dos Sete Dias.

invasão do território do Afeganistão.

0000
","671,2071895599365","830,2347660064697","60,19",0,1
3531,70,CH,97405,A,"8,0",0,,"2,26097","0,38595","0,21827",AMARELA,PROVA AMARELA PPL,,"0,0",2022,"538,5868549346924",https://niedsonemanoel.com.br/enem/An%C3%A1lise%20de%20Itens/OrdenarPorTri/1.%20Itens%20BNI_/97405.png,"QUESTÃO 70 000009000000000000000000

O volume anual de população que se incorporará à
faixa de 65 anos e mais aumentará continuamente. Em
média, anualmente, o acréscimo será, talvez, de mais
de 550 mil idosos, no primeiro quartel do século XXI, e
superará a casa de um milhão, entre 2025 e 2050.

CARVALHO, 1 A M; RODRIGUEZ. WRONG, L A transição da está etária da população
braslerana primera metade do sécio JO. Cad Saúde Pública n 3, mar 2008(ataptaço)

A dinâmica demográfica descrita resulta no processo de
expansão do(a)

O topo da pirâmide etária.

O taxa de fecundidade anual.

O nível de mortalidade infantil
o
e

índice de desemprego estrutural.
política de controle da natalidade.
","585,8175754547119","730,8166027069092","60,91",0,1
17,18,CH,54534,C,"9,0",0,,"2,85672","1,6576","0,08903",Branco,PROVA BRANCA REGULAR,,,2014,"665,7569408416748",https://niedsonemanoel.com.br/enem/An%C3%A1lise%20de%20Itens/OrdenarPorTri/1.%20Itens%20BNI_/54534.png,"QUESTÃO 18 =======>>>>wmmumun

Respeitar a diversidade de circunstâncias entre
as pequenas sociedades locais que constituem uma
mesma nacionalidade, tal deve ser a regra suprema das
leis intemas de cada Estado. As leis municipais seriam
as cartas de cada povoação doadas pela assembleia
provincial, alargadas conforme o seu desenvolvimento,
alteradas segundo os conselhos da experiência. Então,
administrar-se-ia de perto, governar-se-ia de longe, alvo
a que jamais se atingirá de outra sorte

BASTOS, A província (1870). São Pa: Ca. Editora Hina, 807 (adaptado
O discurso do autor, no período do Segundo Reinado no
Brasil, tinha como meta a implantação do

regime monárquico representativo.

sistema educacional democrático.

modelo territorial federalista.

padrão político autoritário.

poder oligárquico regional

voooo
","710,1576328277588","823,3134746551514","54,45",0,1
608,9,CH,15904,A,"10,0",0,,"1,55271","0,11942","0,19389",Amarelo,PROVA AMARELA PPL,,"0,0",2015,"511,92688941955566",https://niedsonemanoel.com.br/enem/An%C3%A1lise%20de%20Itens/OrdenarPorTri/1.%20Itens%20BNI_/15904.png,"QUESTÃO 09

0:
NOS RES PR cor!

jar;
RA Cá!

Dipo e uueoeemeratea rg Aoeso em: 2 ces t2

Na imagem, encontram-se referências a um momento de

intensa agitação estudantil no país. Tal mobilização se

explica pela

O divulgação de denúncias de comupção envolvendo o
presidente da República.

O criminaização dos movimentos sociais realizada pelo
Govemo Federal

& adoção do arrocho salarial implementada pelo
Ministério da Fazenda.

O compra de apoio político promovida pelo Poder
Executivo.

O violência da repressão estatal atribuída às Forças

Armadas.
","583,3499431610107","793,8449382781982","59,69",0,1
7,8,CH,49583,C,"11,0",0,,"1,72415","0,43534","0,013",Branco,PROVA BRANCA REGULAR,,,2014,"543,5340404510498",https://niedsonemanoel.com.br/enem/An%C3%A1lise%20de%20Itens/OrdenarPorTri/1.%20Itens%20BNI_/49583.png,"QUESTÃO 08. ==="" gym

Todo homem de bom juizo, depois que tiver realizado
sua viagem, reconhecerá que é um milagre manifesto ter
podido escapar de todos os perigos que se apresentam
em sua peregrinação; tanto mais que há tantos outros
acidentes que diariamente podem aí ocorrer que seria
coisa pavorosa àqueles que aí navegam querer pô-los
todos diante dos olhos quando querem empreender
suas viagens.
“4.9.7 Histoire de pluius voyage avetures. 180. in: DELUMEAU. 1 História do
red no Ocidente T400-1EDO. São Paulo: Cia das Letras 2606 (adoptado)
Esse relato, associado ao imaginário das viagens
marítimas da época modema, expressa um sentimento de

O gosto pela aventura.

O fascínio pelo fantástico.
O temor do desconhecido.
O interesse pela natureza
& purgação dos pecados.
","622,9894161224365","809,2825412750244","50,65",0,1
1044,55,CH,85884,B,"12,0",0,,"4,1164","1,87825","0,09613",AMARELA,PROVA AMARELA REGULAR,,"0,0",2016,"687,8297328948975",https://niedsonemanoel.com.br/enem/An%C3%A1lise%20de%20Itens/OrdenarPorTri/1.%20Itens%20BNI_/85884.png,"QUESTÃO 10

A regulação das relações de trabalho compõe uma
estrutura complexa, em que cada elemento se ajusta aos
demais. A Justiça do Trabalho é apenas uma das peças
dessa vasta engrenagem. A presença de representantes
classistas na composição dos órgãos da Justiça do
Trabalho é também resultante da montagem dessa
regulação. O poder normativo também reflete essa
característica. Instituída pela Constituição de 1934, a
Justiça do Trabalho só vicejou no ambiente político do
Estado Novo instaurado em 1937.

ROMA, A. dust do Trsbao: ento do Estado Mo: PANDOLFL O. (09)

Repensando o Estado Nova. Ro de Jane: Eber FGV. 1986.
A criação da referida instituição estatal na conjuntura
histórica abordada teve por objetivo

legitimar os protestos fabris.
ordenar os conflitos laborais.
oficializar os sindicatos plurais.
assegurar os princípios liberais.
unificar os salários profissionais.

voces
","718,3926105499268","796,9729900360107","54,81",0,1
1844,85,CH,88814,C,"13,0",0,,"2,75348","0,89648","0,24325",Amarela,PROVA AMARELA PPL,,"0,0",2018,"589,644193649292",https://niedsonemanoel.com.br/enem/An%C3%A1lise%20de%20Itens/OrdenarPorTri/1.%20Itens%20BNI_/88814.png,"QUESTÃO 85

Em Utopia, tudo é comum a todos. A distribuição
dos bens lá não é um problema, não se vê nem pobre
nem mendigo e, embora ninguém tenha nada de seu,
todos são ricos. Haverá maior riqueza do que levar uma
existência alegre e pacífica, lvre de ansiedades e sem
precisar se preocupar com a subsistência?

nor + upa toeeiea ame

O inibir a ascensão da burguesia.
O estar a destruição da natureza.
O combater o domínio do capita.
O eliminar a intolerância religiosa.
O superar o atraso tecnológico.
","626,8303394317627","746,2923526763916","62,16",0,1
3070,64,CH,118129,A,"14,0",0,,"3,22966","0,96248","0,14036",AMARELA,PROVA AMARELA REGULAR,,,2021,"596,2507724761963",https://niedsonemanoel.com.br/enem/An%C3%A1lise%20de%20Itens/OrdenarPorTri/1.%20Itens%20BNI_/118129.png,"Questão 64
TEXTOI

Macaulay enfatizou o glorioso acontecimento
representado pela luta do Parlamento contra Carlos |
em prol da liberdade política e religiosa do povo inglês;
significou o primeiro confronto entre a liberdade e a
tirania real, primeiro combate em favor do Iluminismo e
do Liberalismo.

ARRUDA, 1,4 Perspectivas da imolução inca.
Rev Bra Mit. 7, 164 fog)

TEXTO

A Revolução Inglesa, como todas as revoluções,
foi causada pela ruptura da velha sociedade, e não
pelos desejos da velha burguesia. Na década de 1640,
camponeses se revoltaram contra os cercamentos,
tecelões contra a miséria resultante da depressão e os
crentes contra o Anticristo a fim de instalar o reino de
Cristo na Terra.

ML. Uma reoição burguesa? Re. Bra. Met 1.7. 190 (tato

A concepção da Revolução Inglesa apresentada no Texto Il
diferencia-se da do Texto | ao destacar a existência de
O pluralidade das demandas sociais.
homogeneidade das lutas religiosas.
unicidade das abordagens históricas.
superficialidade dos interesses políticos.
superioridade dos aspectos econômicos.

","633,1984996795654","733,7920665740967","57,02",0,1
2799,55,CH,89808,D,"15,0",0,,"2,10695","0,73908","0,14776",AMARELA,PROVA AMARELA REGULAR,,"0,0",2020,"573,9133358001709",https://niedsonemanoel.com.br/enem/An%C3%A1lise%20de%20Itens/OrdenarPorTri/1.%20Itens%20BNI_/89808.png,"Questão 55
Dois grandes eventos históricos tomaram possível
um caso como o de Menocchio: a invenção da imprensa
e a Reforma. A imprensa lhe permitiu confrontar os
livros com a tradição oral em que havia crescido e lhe
forneceu as palavras para organizar o amontoado de
ideias e fantasias que nele conviviam. A Reforma lhe
deu audácia para comunicar o que pensava ao padre do
vilarejo, conterrâneos, inquisidores — mesmo não tendo
“conseguido dizer tudo diante do papa, dos cardeais e dos.
príncipes, como queria.
irão Sã aC casas O.
Os acontecimentos históricos citados ajudaram esse
indivíduo, no século XVI, a repensar a visão católica do
mundo ao possibiitarem a

consulta pública das bibliotecas reais.
sofisticação barroca do ritual litárgico.
aceitação popular da educação secular.
interpretação autônoma dos textos bíblicos.
correção doutrinária das heresias medievais.

0000
","630,0132274627686","784,3296527862549","57,39",0,1
2165,61,CH,40836,D,"16,0",0,,"2,7524","0,48486","0,18766",Amarela,PROVA AMARELA PPL,,"0,0",2019,"548,4812259674072",https://niedsonemanoel.com.br/enem/An%C3%A1lise%20de%20Itens/OrdenarPorTri/1.%20Itens%20BNI_/40836.png,"Questão 61

O espírito humano controla as máquinas cada vez
mais potentes que criou. Mas a lógica dessas máquinas
artificiais controla cada vez mais o espírito dos cientistas,
sociólogos, políticos e, de modo mais abrangente, todos
aqueles que, obedecendo à soberania do cálculo,
ignoram tudo o que não é quantificável, ou seja, os
sentimentos, sofrimentos, alegrias dos seres humanos.
Essa lógica é assim aplicada ao conhecimento e à
conduta das sociedades, e se espalha em todos os
setores da vida.

MORIN, E. O método 5: a humanidade da humanidade.

Porto Alegre: Sulina, 2012 (adaptado)

No contexto atual, essa crítica proposta por Edgar Morin
se aplica à
intensificação das relações interpessoais.
O descentralização do poder econômico.
O fragmentação do mercado consumidor.
O valorização do paradigma tecnológi
O simplificação das atividades laborais.

","589,1411304473877","707,7996730804443","59,38",0,1
2169,63,CH,84206,E,"17,0",0,,"1,94379","0,76871","0,16813",Amarela,PROVA AMARELA PPL,,"0,0",2019,"576,8792629241943",https://niedsonemanoel.com.br/enem/An%C3%A1lise%20de%20Itens/OrdenarPorTri/1.%20Itens%20BNI_/84206.png,"Questão 63
Embora os centros de decisão permaneçam
fortemente centralizados nas cidades mundiais, as
atividades produtivas podem ser desconcentradas, desde
que haja conexões fáceis entre as unidades produtivas
e os centros de gestão e exista a disponibilidade de
trabalho qualificado e uma base técnica adequada às
operações industriais.
EGLER,C. A. G. Questão regional e a gestão do território no Eras
In-CASTRO, LE; CORRÊA, RL: GOMES, P C.C. (Org) Geografia:
“conceitos o tomas, Rio de Janeiro: Bertrand Brasi, 2014
A mudança nas atividades produtivas a que o texto faz
referência é motivada pelo seguinte fator:
O Definição volátil das taxas aduaneiras e cambiais.
O Prestação regulada de serviços bancários e
financeiros.
O Controle estrito do planejamento familiar e fluxo
populacional.
O Renovação constante das normas jurídicas e marcos
contratuais.
O Oferta suficiente de infraestruturas logísticas e
serviços especializados.
","636,0523700714111","803,6963939666748","58,41",0,1
1070,68,CH,54217,B,"18,0",0,,"1,72937","2,08594","0,19777",AMARELA,PROVA AMARELA REGULAR,,"0,0",2016,"708,5983753204346",https://niedsonemanoel.com.br/enem/An%C3%A1lise%20de%20Itens/OrdenarPorTri/1.%20Itens%20BNI_/54217.png,"QUESTÃO 23

Dados recentes mostram que muitos são os
países periféricos que dependem dos recursos
enviados pelos imigrantes que estão nos países
centrais. Grande parte dos países da América Latina,
por exemplo, depende hoje das remessas de seus
imigrantes. Para se ter uma ideia mais concreta,
recentes dados divulgados pela ONU revelaram
que somente os indianos recebem 10 bilhões de
dólares de seus compatriotas no exterior. No México,
segundo maior volume de divisas, esse valor chega
a 9,9 bilhões de dólares e nas Filipinas, o terceiro, a
8,4 bilhões.

HAESBAERT, R: PORTO-CONÇAIVES, CW. A nova des ordem mundial
So Paulo: Edunesp, 206

Um aspecto do mundo globalizado que facilitou a
ocorrência do processo descrito, na transição do
século XX para o século XXI, foi o(a)

integração de culturas distintas.

avanço técnico das comunicações.

quebra de barreiras alfandegárias.

flexibilização de regras trabalhistas.
desconcentração espacial da produção.

0000
","772,3348140716553","961,4174365997314","59,89",0,1
2727,87,CH,85068,B,"19,0",0,,"1,77735","2,88396","0,2017",AMARELA,HUMANAS DIGITAL AMARELA,,"0,0",2020,"788,3827686309814",https://niedsonemanoel.com.br/enem/An%C3%A1lise%20de%20Itens/OrdenarPorTri/1.%20Itens%20BNI_/85068.png,"Maior que os espaços metropolitanos tradicionais, incorporando áreas menores em
vizinhança e formando uma aglomeração em escala mais ampla, concentra o principal das.
atividades produtivas significativas em diversos setores (cadeias da indústria, investimentos.
estrangeiros diretos, operações de negócios intenacionai, trabalhadores migrantes, fluxos
monetários etc.). O conjunto da economia global passa a ser um arquipélago. delas,
constituindo os nós da malha econômica.

IBGE. Gestão do ertóio. Rio da Janio: ISGE, 2044 (adaptado.
A configuração geográfica descrita no texto é definida pelo conceito de

O meio técnico

O citadoregão.

000
Ê
8
Á
","850,0473499298096","1034,11602973938","60,08",0,1
3078,67,CH,89649,D,"20,0",0,,"2,49925","1,72549","0,13091",AMARELA,PROVA AMARELA REGULAR,,,2021,"672,5566387176514",https://niedsonemanoel.com.br/enem/An%C3%A1lise%20de%20Itens/OrdenarPorTri/1.%20Itens%20BNI_/89649.png,"Questão 67
Constatou-se uma infima inserção da indústria
brasileira nas novas tecnologias ancoradas na
microeletrônica, capazes de acarretar elevação da
produtividade nacional de forma sustentada. Os motores
do crescimento nacional, há décadas, são os grupos
relacionados a commodities agroindustriais e à indústria
representativa do antigo padrão fordista de produção,
esta última também limitada pela baixa potencialidade
futura de desencadear inovações tecnológicas capazes
de proporcionar elevação sustentada da produtividade.
ARENO, MA indusriiação do ral aro ano id Inermaionat do trato.
es mea por css em TE 1 og)

Um efeito desse cenário para a sociedade brasileira tem

o

O retomo à estatização econômica.

O ampliação do poder de consumo.

O subordinação aos fluxos globais.

Q incentivo à política de modemização.
","720,867395401001","850,7339954376221","56,55",0,1
1415,16,CH,25281,A,"21,0",0,,"1,50343","1,89255","0,14213",AMARELA,PROVA AMARELA REGULAR,,"0,0",2017,"689,2650127410889",https://niedsonemanoel.com.br/enem/An%C3%A1lise%20de%20Itens/OrdenarPorTri/1.%20Itens%20BNI_/25281.png,"QUESTÃO 61

Durante o Estado Novo, os encarregados da
propaganda procuraram  aperfeioar-se na arte da
empolgação e envolvimento das “multidões” através das
mensagens políticas. Nesse tipo de discurso, o significado
das palavras importa pouco, pois, como declarou
Goebbels, “não falamos para dizer alguma coisa, mas
para obter determinado efeito”
CAFELATO, Propaganda polca e cone dos meia de comunicação
1 PRADOLZA 5 (org) Repensando o Estado Novo. Rode dane: ON
O controle sobre os meios de comunicação foi uma
marca do Estado Novo, sendo fundamental à propaganda
política, na medida em que visava

O conquistar o apoio popular na legitimação do novo
governo.

ampliar o envolvimento das multidões nas decisões

políticas.

aumentar a oferta de informações públicas para a

sociedade civil

estender a participação democrática dos meios de

comunicação no Brasil

alargar o entendimento da população sobre as

intenções do novo governo.

vo 0 o
","768,4533596038818","984,5893383026124","57,11",0,1
6,7,CH,44452,B,"22,0",0,,"0,34104","0,60682","0,16604",Branco,PROVA BRANCA REGULAR,,,2014,"560,654878616333",https://niedsonemanoel.com.br/enem/An%C3%A1lise%20de%20Itens/OrdenarPorTri/1.%20Itens%20BNI_/44452.png,"QUESTÃO 07

TODO BRASILEIRO TEM AGORA LÊ AQUELE
DIREITO À MORADIA... PEDAÇO BONITO QUE
N FALA DE COMIDA,

SAÚDE...

PAIVA. M. Disponível em: wu edes un br Acesso em: 25 maio 2014.
A discussão levantada na charge, publicada logo após a
promulgação da Constituição de 1988, faz referência ao
seguinte conjunto de direitos

O Civis, como o direito à vida, à liberdade de expressão
e à propriedade.

O Sociais, como direito à educação, ao trabalho e à
proteção à matemidade e à infância

& Difusos, como direito à paz, ao desenvolvimento
sustentável e ao meio ambiente saudável

O Coletivos, como direito à organização sindical, à
participação partidária e à expressão religiosa.

O Políticos, como o direito de votar e ser votado, à
soberania popular e à participação democrática
","898,9613056182861","1854,235410690308","58,3",0,1
630,30,CH,18446,C,"23,0",0,,"2,83093","1,90625","0,20001",Amarelo,PROVA AMARELA PPL,,"0,0",2015,"690,6239986419678",https://niedsonemanoel.com.br/enem/An%C3%A1lise%20de%20Itens/OrdenarPorTri/1.%20Itens%20BNI_/18446.png,"QUESTÃO 30

A pura lealdade na amizade, embora até o presente
não tenha existido nenhum amigo leal, é imposta a todo
homem, essencialmente, pelo fato de tal dever estar
implicado como dever em geral, anteriormente a toda
experiência, na ideia de uma razão que determina a
vontade segundo princípios a priori

KANT, 1 Fundamentação da metafísica dos costumes. São Pao: Barcarotia, 2000.

A passagem citada expõe um pensamento
caracterizado pela

eficácia prática da razão empírica

transvaloração dos valores judaico-cristãos.

recusa em fundamentar a moral pela experiência
comparação da ética a uma ciência de rigor
matemático.

importância dos valores democráticos nas relações
de amizade.

o ovos
","729,4313907623291","844,9714183807373","60,0",0,1
3123,82,CH,82447,D,"24,0",0,,"3,12246","1,34418","0,1608",AMARELA,PROVA AMARELA PPL,,,2021,"634,4168186187744",https://niedsonemanoel.com.br/enem/An%C3%A1lise%20de%20Itens/OrdenarPorTri/1.%20Itens%20BNI_/82447.png,"Questão 82
Com direitos civis, mas sem direitos políticos, além
das mulheres, milhões de camponeses iletrados, em
sua maioria não brancos, num contexto altamente
racista e racializado, milhares de imigrantes estrangeiros
recém-chegados e de ex-escravos recém-libertos não
deixaram, apesar disso, de agir politicamente e de influir
decisivamente no devir da república em formação.

MATTOS, Aid polca fr SCHMARICZ 1 1 (Og A bata para o mundo:
TRE 1650 Pã o dona Om 2012

Um meio pelo qual esses grupos exerceram a cidadania,
nas primeiras décadas do regime político mencionado,
foio(a)

O prática do sufrágio livre e universal

programa de democratização do ensino.

aliança de oligarquias partidárias estaduais.

irrupção de levantes populares espontâneos.
discurso de inspiração social-darwinista e eugenista.
","671,6291904449463","775,9039402008057","58,04",0,1
2194,75,CH,84147,A,"25,0",0,,"2,067","0,32546","0,20034",Amarela,PROVA AMARELA REGULAR,,"0,0",2019,"532,5524806976318",https://niedsonemanoel.com.br/enem/An%C3%A1lise%20de%20Itens/OrdenarPorTri/1.%20Itens%20BNI_/84147.png,"Questão 75

O Ministério do Trabalho e Emprego (MTE)
realizou 248 ações fiscais e resgatou um total de
1.590 trabalhadores da situação análoga à de escravo,
em 2014, em todo o país. A análise do enfrentamento
do trabalho em condições análogas às de escravo
materializa a efetivação de parcerias inéditas no
trato da questão, podendo ser referenciadas ações

(Ibama) e Instituto Chico Mendes de Conservação da
Biodiversidade (ICMBio).

Disponivel em: htpportalmte govtbr.
Acesso em: 4 fev. 2015 (adaptado)

A estratégia defendida no texto para reduzir o problema
“social apontado consiste em:

O Articular os órgãos públicos.

O Pressionar o Poder Legislativo.

O Ampliar a emissão das multas.

O Limitar a autonomia das empresas.

Financiar as pesquisas acadêmicas.
","585,669755935669","743,915319442749","60,02",0,1
2198,77,CH,118038,D,"26,0",0,,"3,49023","1,02573","0,18725",Amarela,PROVA AMARELA REGULAR,,"0,0",2019,"602,5688648223877",https://niedsonemanoel.com.br/enem/An%C3%A1lise%20de%20Itens/OrdenarPorTri/1.%20Itens%20BNI_/118038.png,"Questão 77

Os moradores de Utgiagvik passaram dois meses
quase totalmente na escuridão

Os habitantes desta pequena cidade no Alasca

o estado dos Estados Unidos mais ao norte —

estão acostumados a longas noites sem ver a luz

do dia. Em 18 de novembro de 2018, seus pouco mais

de 4 mil habitantes viram o último pôr do sol do ano.

A oportunidade seguinte para ver a luz do dia ocorreu no

dia 23 de janeiro de 2019, às 13 h 04 min (horário local)

Disponível em: wunvbc.com. Acesso em: 16 maio 2019 (adaptado)

O fenômeno descrito está relacionado ao fato de a cidade.

citada ter uma posição geográfica condicionada pela

continentalidade.

maritimidade.

longitude.

atitude.

altitude.

","634,652853012085","728,2226085662842","59,36",0,1
3330,86,CH,140550,A,"27,0",0,,"3,5293","0,41127","0,19018",AMARELA,PROVA AMARELA REGULAR,,"0,0",2022,"541,128396987915",https://niedsonemanoel.com.br/enem/An%C3%A1lise%20de%20Itens/OrdenarPorTri/1.%20Itens%20BNI_/140550.png,"QUESTÃO 86 —

Para os Impérios Coloniais, o problema das
doenças que atingiam os escravos era algo com que
cotidianamente deparavam os senhores. Em vista
disso, uma série de obras dedicadas à administração
de escravos foi publicada com vista a implementar
uma moderna gestão da mão de obra escravista em
convergência com o Iluminismo. Nesse contexto,
o saber médico adquiria um papel extremamente
relevante. Este era encarado como um instrumento
fundamental ao desenvolvimento colonial, dada a
percepção do impacto que as doenças tropicais
causavam na população branca e nos povos
escravizados.
ABREU, LN, ACofia enferma a saúda dos povos: a media das ce” eas
infmações sobre enfermidades da Amána poripues. ita, Clncias,
Saúde - Manguinhos 13 hi-st 2007 [adido
De acordo com o texto, a importância da medicina se
justifica no âmbito dos objetivos

econômicos das elites.
naturalistas dos viajantes.
abolicionistas dos letrados.
tradicionalistas dos nativos
emancipadores das metrópoles.

vovo
","572,716474533081","665,2824878692627","59,51",0,1
33,34,CH,47424,C,"28,0",0,,"1,16371","1,90465","0,24597",Branco,PROVA BRANCA REGULAR,,,2014,"690,4714107513428",https://niedsonemanoel.com.br/enem/An%C3%A1lise%20de%20Itens/OrdenarPorTri/1.%20Itens%20BNI_/47424.png,"QUESTÃO 34

Disponível em: wu ankirackorg. Acesso em: 7 maio 2013 (adaptado

A imagem indica pontos com ativo uso de tecnologia,

correspondentes a que processo de intervenção no

espaço?

O Expansão das áreas agricultáveis, com uso intensivo
de maquinário e insumos agrícolas.

O Recuperação de águas eutrofizadas em decorrência
da contaminação por esgoto doméstico.

O Ampliação da capacidade de geração de energia,
com alteração do ecossistema local

O Impermeabilização do solo pela construção civil nas
áreas de expansão urbana.

O Criação recente de grandes parques industriais de
mediano potencial poluidor.
","778,0210971832275","1060,7879161834717","62,3",0,1
915,9,CH,82517,E,"29,0",0,,"0,88302","1,39311","0,03588",Amarelo,PROVA AMARELA REGULAR,,"0,0",2015,"639,2924785614014",https://niedsonemanoel.com.br/enem/An%C3%A1lise%20de%20Itens/OrdenarPorTri/1.%20Itens%20BNI_/82517.png,"QUESTÃO 09 000""

Algumas regiões do Brasil passam por uma crise
de água por causa da seca. Mas, uma região de Minas
Gerais está enfrentando a falta de água no campo tanto
em tempo de chuva como na seca. As veredas estão
secando no norte e no noroeste mineiro. Ano após ano,
elas vêm perdendo a capacidade de ser a caixa-d'água
do grande sertão de Minas.

VIEIRA, C. Degradação do alo causa perda do tonto d gua do tais do MO.

Disponivel em: 2! Job com, Acesso eme 1 no. 2014,

As veredas têm um papel fundamental no equilíbrio
hidrológico dos cursos de água no ambiente do
Cerrado, pois
colaboram para a formação de vegetação xerófia.
formam os leques aluviais nas planícies das bacias
fornecem sumidouro para as águas de recarga
da bacia
contribuem para o aprofundamento dos talvegues
à jusante.

constituem um sistema represador da água na
chapada

o o 0060
","791,1102771759033","1155,5163860321045","51,79",0,1
1774,50,CH,88107,D,"30,0",0,,"1,97","2,55364","0,17706",Amarela,PROVA AMARELA REGULAR,,"0,0",2018,"755,357027053833",https://niedsonemanoel.com.br/enem/An%C3%A1lise%20de%20Itens/OrdenarPorTri/1.%20Itens%20BNI_/88107.png,"QUESTÃO 50

A presunção de que a superfície das chapadas
& chapadões representa uma velha peneplaníce é
comoborada pelo fato de que eta é coberta por acumulações
superficiais, tais como massas de areia, camadas de
cascalhos é seixos e pela ocorrência generalizada de
concreções feruginosas que formam uma crosta aterítica,
denominada “canga”

VIE. Depende o eae ge eum 4216,
Qual tipo cimático favorece o processo de alteração do
solo deserto no texto?

(9 Arido, com déficit hírico.

O Subtropical, com baixas temperaturas.
O9 Temperado, com invemos frios e secos.
O Tropical, com sazonalidade das chuvas.
Equatorial, com pluviosidade abundante.
","813,035249710083","978,6169528961182","58,85",0,1
"(29.0, 3513)",88,CH,141304,B,"29,0",0,,"1,67473","0,01612","0,19993",AMARELA,PROVA AMARELA PPL,,"0,0",2022,"501,6224384307861",https://niedsonemanoel.com.br/enem/An%C3%A1lise%20de%20Itens/OrdenarPorTri/1.%20Itens%20BNI_/141304.png,"QUESTÃO 88 DOD0OOOOOGOOOOO OO

Diversas regiões do atual estado de Minas Gerais,
onde não foram encontrados metais preciosos em
quantidade significativa, acabaram sendo ocupadas de
forma mais lenta ao longo dos séculos XVIII e XIX. Esse
é o caso da Zona da Mata, que correspondia à porção
sudeste da capitania, coberta por uma densa vegetação
de Mata Atiântica então existente.

SOARES, 1.M Cartografia e ocupação do terrário: a Zona da Mata mineira no século
XVI ini do século XIX. Disponível em. htps: periodos tm br
Reseso em: out 2021 (adapiado)

O texto indica que a velocidade de ocupação do atual
estado de Minas Gerais nos séculos XVIII e XIX foi
determinada por qual aspecto natural?

Padrão climático.

Recursos minerais.

Redes hidrográficas.

Diversidade biológica.

Composição pedológica.

vovo
","567,218542098999","762,521505355835","60,0",0,1
"(24.0, 2149)",53,CH,87089,B,"24,0",0,,"4,20856","1,12773","0,14962",Amarela,PROVA AMARELA PPL,,"0,0",2019,"612,7707958221436",https://niedsonemanoel.com.br/enem/An%C3%A1lise%20de%20Itens/OrdenarPorTri/1.%20Itens%20BNI_/87089.png,"Questão 53

Quando se trata de competência nas construções e
nas artes, os atenienses acreditam que poucos sejam
capazes de dar conselhos. Quando, ao contrário, se
trata de uma deliberação política, toleram que qualquer
um fale, de outro modo não existiria a cidade.

BOBBIO, N. Tooria goral da política Rio de Janeiro:
Elsevier, 2000 (adaptado)

De acordo com o texto, a atuação política dos cidadãos
atenienses na Antiguidade Clássica tinha como
caracteristica fundamental o(a)

O dedicação altruísta em ações coletivas.

O participação direta em fóruns decisórios.

O ativismo humanista em debates públicos.

O discurso formalista em espaços acadêmicos.

Q representação igualitária em instâncias parlamentares.

","640,7921314239502","718,0659770965576","57,48",0,1
"(11.0, 1113)",90,CH,64128,A,"11,0",0,,"1,94431","1,07648","0,17055",AMARELA,PROVA AMARELA PPL,,"0,0",2016,"607,654333114624",https://niedsonemanoel.com.br/enem/An%C3%A1lise%20de%20Itens/OrdenarPorTri/1.%20Itens%20BNI_/64128.png,"QUESTÃO 45

Quando surgiram as primeiras notícias sobre a
presença de seres estranhos, chegados em barcos
grandes como montanhas, que montavam numa espécie
de veados enormes, tinham cães grandes e ferozes e
possuíam instrumentos lançadores de fogo, Montezuma
e seus conselheiros ficaram pensando: de um lado, talvez
Quetzalcóati houvesse regressado, mas, de outro, não
tinham essa confirmação.
PINS, de at Hetia a Amária aê de testo. São Pao: Cont, 2007 (po
A dúvida apresentada inseria-se no contexto da chegada
dos primeiros europeus à América, e sua origem estava
relacionada ao
domínio da religião e do mito.
exercício do poder e da política.
controle da guerra e da conquista.
nascimento da filosofia e da razão.
desenvolvimento da ciência e da técnica.

0000
","666,6152477264404","834,2592716217041","58,53",0,1
"(22.0, 1776)",51,CH,97888,E,"22,0",0,,"2,34409","1,51378","0,17552",Amarela,PROVA AMARELA REGULAR,,"0,0",2018,"651,3874530792236",https://niedsonemanoel.com.br/enem/An%C3%A1lise%20de%20Itens/OrdenarPorTri/1.%20Itens%20BNI_/97888.png,"QUESTÃO 51
O marco inicial das discussões parlamentares
em torno do direito do voto feminino são os debates
que antecederam a Constituição de 1824, que não
trazia qualquer impedimento ao exercício dos direitos
políticos por mulheres, mas, por outro lado, também
não era explicita quanto à possibilidade desse
exercício. Foi somente em 1932, dois anos antes de
estabelecido o voto dos 18 ancs, que as mulheres
obtiveram o direito de votar, o que veio a se concretizar
no ano seguinte. Isso ocorreu a parti da aprovação do
Código Eleitoral de 1932.
Um dos fatores que contribuiram para a efetivação da
medida mencionada no texto foi a

O superação da cultura patriarcal
O infuência de igrejas protestantes.

O pressão do govemo revolucionário.
O fragilidade das oligarquias regionais.
& campanha de extensão da cidadania.
","699,9509334564209","839,0824794769287","58,78",0,1
"(16.0, 1567)",35,CH,26740,A,"16,0",0,,"1,64622","0,80634","0,21704",AMARELA,PROVA AMARELA PPL,,"0,0",2017,"580,6272029876709",https://niedsonemanoel.com.br/enem/An%C3%A1lise%20de%20Itens/OrdenarPorTri/1.%20Itens%20BNI_/26740.png,"QUESTÃO 80

A tecelagem é numa sala com quatro janelas e
150 operários. O salário é por obra. No começo da
fábrica, os tecelões ganhavam em média 1708000 réis
mensais. Mais tarde não conseguiam ganhar mais do
que 908000; e pelo último rebaixamento, a média era
de 7580001 E se a vida fosse baratal Mas as casas
que a fábrica aluga, com dois quartos e cozinha, são a
208000 réis por mês; as outras são de 25$ a 308000 réis.
Quanto aos gêneros de primeira necessidade, em regra
custam mais do que em São Paulo.

CARONE, E. Movimento operário no Brasil. São Paulo: Die, 1979.

Essas condições de trabalho, próprias de uma sociedade
em processo de industrialização como a brasileira do
início do século XX, indicam a

O exploração burguesa
organização dos sindicatos
ausência de especialização
industrialização acelerada.

o
o
(D)
O alta de preços
","645,6201076507568","844,7329998016357","60,85",0,1
"(6.0, 3095)",52,CH,89039,B,"6,0",0,,"2,29374","2,2257","0,21431",AMARELA,PROVA AMARELA PPL,,,2021,"722,5792407989502",https://niedsonemanoel.com.br/enem/An%C3%A1lise%20de%20Itens/OrdenarPorTri/1.%20Itens%20BNI_/89039.png,"Questão 52

Circulação geral das massas no planeta

Aimagem ilustra a ação de um agente natural no planeta

caracterizado por

O inversão sazonal de fuxos atmosféricos nas zonas
temperadas.
formação de baixa pressão na linha do Equador
expansão de brisas geladas em áreas ciclonais.

o
(o)
O movimentação constante de frentes frias para o Polo
sul
E)

ascensão do ar aquecido nas regiões anticiclonais.
","769,4141864776611","912,2674465179444","60,72",0,1
"(24.0, 1824)",75,CH,89113,E,"24,0",0,,"2,42215","1,58606","0,13283",Amarela,PROVA AMARELA REGULAR,,"0,0",2018,"658,6019992828369",https://niedsonemanoel.com.br/enem/An%C3%A1lise%20de%20Itens/OrdenarPorTri/1.%20Itens%20BNI_/89113.png,"QUESTÃO 75

Um dos teóricos da democracia modema, Hans Kelsen, considera elemento essencial da democracia real (não
da democracia ideal, que não existe em lugar algum) o método da seleção dos líderes, ou seja, a eleição. Exemplar,
neste sentido, é a afirmação de um juiz da Corte Suprema dos Estados Unidos, por ocasião de uma eleição do 1902:
“A cabine eleitoral é o templo das instluições americanas, onde cada um de nós é um sacerdote, ao qual é confiada a
guarda ca arca da alança e cada um oficiado seu próprio altar.

ge an gu da pes A da a as 20 pg
As metáforas uizadas no texto referem-se a uma concepção de democracia fundamentada no(a)

(9 justiicação toista do direito.

O rigidez da hierarquia de classe.

O êntase formalista na administração.

O protagonismo do Executivo no poder.

8 centralidade do indivíduo na sociedade.
","708,3432674407959","842,3702716827393","56,64",0,1
"(11.0, 2185)",71,CH,95246,B,"11,0",0,,"1,48405","1,55628","0,23112",Amarela,PROVA AMARELA PPL,,"0,0",2019,"655,6408405303955",https://niedsonemanoel.com.br/enem/An%C3%A1lise%20de%20Itens/OrdenarPorTri/1.%20Itens%20BNI_/95246.png,"Questão 71

A ausência quase completa de fantasmas na Bíblia
deve ter favorecido também a vontade de rejeição dos
fantasmas pela cultura cristã. Várias passagens dos
Evangelhos manifestam mesmo uma grande reticência
“com relação a um culto dos mortos: “Deixa os mortos
sepultar os mortos”, diz Jesus (Mt 8:21), ou ainda:
“Deus não é Deus dos mortos, mas dos vivos” (Mt 22:32).
Por certo, numerosos mortos são ressuscitados por
Jesus (e, mais tarde, por alguns de seus discípulos),
mas tal milagre — o mais notório possível segundo as
classificações posteriores dos hagiógrafos medievais
— não é assimilável ao retomo de um fantasma.
Ele prefigura a própria ressurreição do Cristo três dias
depois de sua Paixão. Antecipa também a ressurreição
universal dos mortos no fim dos tempos.

SCHMITT, JC. Os vivos o os mortos na sociadado modioval.
“São Paulo: Ca. das Letras, 1996.

De acordo com o texto, a representação da morte

O extinguir as formas de ritualismo funerário.

O evitar a expressão de antigas crenças politeístas.

O sacramentar a execução do exorcismo de infiéis.

O enfraquecer a convioção na existência de demônios.

O consagrar as práticas de contato mediúnico
transcendental.
","726,067304611206","947,3483562469482","61,56",0,1
"(23.0, 3052)",70,CH,118135,A,"23,0",0,,"1,60808","-0,32296","0,09046",AMARELA,PROVA AMARELA REGULAR,,,2021,"467,6954746246338",https://niedsonemanoel.com.br/enem/An%C3%A1lise%20de%20Itens/OrdenarPorTri/1.%20Itens%20BNI_/118135.png,"Questão 70
Ao mesmo tempo, graças às amplas possibilidades
que tive de observar a classe média, vossa adversária,
rapidamente concluí que vós tendes razão, inteira razão,
em não esperar dela qualquer ajuda. Seus interesses
são diametralmente opostos aos vossos, mesmo que ela
procure incessantemente afirmar o contrário e vos queira
persuadir que sente a maior simpatia por vossa sorte.
Mas seus atos desmentem suas palavras.
ENGELS FA eação da clase trabalhadora na gate S5o Pao Batera, 2010

No texto, o autor apresenta delineamentos éticos que
correspondem ao(s)

conceito de luta de classes.

alicerce da ideia de mais-valia.

fundamentos do método científico.

paradigmas do processo indagativo.

domínios do fetichismo da mercadoria.

0000
","546,4498996734619","747,4963665008545","54,52",0,1
"(12.0, 2143)",50,CH,45168,B,"12,0",0,,"2,56996","0,69017","0,24002",Amarela,PROVA AMARELA PPL,,"0,0",2019,"569,0138339996338",https://niedsonemanoel.com.br/enem/An%C3%A1lise%20de%20Itens/OrdenarPorTri/1.%20Itens%20BNI_/45168.png,"Questão 50

Vimos que o homem sem lei é injusto e o respeitador

da lei é justo; evidentemente todos os atos legítimos são,

em certo sentido, atos justos, porque os atos prescritos

pela arte do legislador são legítimos e cada um deles é

justo. Ora, nas disposições que tomam sobre todos os.

assuntos, as leis têm em mira a vantagem comum, quer

de todos, quer dos melhores ou daqueles que detêm o

poder ou algo desse gênero; de modo que, em certo

sentido, chamamos justos aqueles atos que tendem

a produzir e a preservar, para a sociedade política, a

felicidade e os elementos que a compõem.
ARISTÓTELES. A política. São Paulo:

Gia. das Letras, 2010 (adaptado).

De acordo com o texto de Aristóteles, o legislador deve

agir conforme a

O morale a vida privada.

O virtude e os interesses públicos.

O utilidade e os critérios pragmáticos.

O lógica e os princípios metafísicos.

Q razão e as verdades transcendentes.
","609,0800762176514","737,0131015777588","62,0",0,1
3353,63,CH,111984,A,"3,0",0,,"1,90716","1,36087","0,22521",AMARELA,PROVA AMARELA REGULAR,,"0,0",2022,"636,0857486724854",https://niedsonemanoel.com.br/enem/An%C3%A1lise%20de%20Itens/OrdenarPorTri/1.%20Itens%20BNI_/111984.png,"QUESTÃO 63

Em Vitória (ES), no bairro Goiabeiras, encontramos
as paneleiras, mulheres que são conhecidas pelos
saberes/fazeres das tradicionais panelas de barro, ícones
da culinária capixaba. A tradição passada de mãe para
filha é de origem indígena e sofreu influência de outras
etnias, como a afro e a luso. Dessa mistura, acredita-se
que a fabricação das panelas de barro já tenha 400 anos.
A fabricação das panelas de barro se dá em várias etapas,
desde a obtenção de matéria-prima à confecção das
panelas. As matérias-primas tradicionalmente utilizadas
são provenientes do meio natural, como: argila, retirada
do barreiro no Vale do Mulembá; madeira, atualmente
proveniente das sobras da construção civil e tinta, extraída
da casca do manguezal, o popular mangue-vermelho.
TRISTÃO, M. A educação ambiental e o pós-coloialismo.
Revista de Educação. 5, go 14
Uma característica de práticas tradicionais como a
exemplificada no texto é a vinculação entre os recursos
do mundo natural e a

manutenção dos modos de vida.
conservação dos plantios da roça.
atualização do modelo de gestão.
participação na sociedade de consumo.

0000

especialização nas etapas de produç

","691,4417743682861","863,4941577911377","61,26",0,1
2809,58,CH,95532,C,"15,0",0,,"1,61855","2,10091","0,06694",AMARELA,HUMANAS DIGITAL AMARELA,,"0,0",2020,"710,0980281829834",https://niedsonemanoel.com.br/enem/An%C3%A1lise%20de%20Itens/OrdenarPorTri/1.%20Itens%20BNI_/95532.png,"O jovem que nasceu e cresceu sob a ditadura perdeu muitos contatos com a realidade e
“com a história como processo vivo. Mas conheceu em sua came o que é a opressão e como a
repressão institucional (às vezes inconsciente e definitiva, dentro da família, da escola etc.) é
odiosa. Essa é uma riqueza impar. O potencial radical de um jovem — pobre, de pequena
burguesia ou “rico” — que sofre prolongadamente uma experiência dessas, constitui um
agente político valioso. Ele está “embalado” para rejeitar e combater a opressão sistemática e
a repressão dissimulada, o que o converte em um ser político inconformista promissor.
FERNANDES, F. O alema poltico dos jovens Florestan Fernandes na consttuite:
letras par efoma plc, São Pao Expressão Popular 2014,

No contexto mencionado, Florestan Fernandes tematiza um efeito inesperado do exercício do
poder político decorrente da

(8) evolução histórica do contito de gerações.
fragilidade moral das instituições públicas.

impossibilidade de realização do controle total.
legitimação ideológica do nacionalismo estatal

restrição da oferta de oportunidades de educação.

000
","790,3425693511963","989,6700382232666","53,35",0,1
1487,25,CH,79005,C,"26,0",0,,"3,00182","1,83487","0,10355",AMARELA,PROVA AMARELA REGULAR,,"0,0",2017,"683,490514755249",https://niedsonemanoel.com.br/enem/An%C3%A1lise%20de%20Itens/OrdenarPorTri/1.%20Itens%20BNI_/79005.png,"QUESTÃO 70

Figura 1
Mínimas - Quinta-feira
CPTECIINPE 28/08/2014

Disponível em: tpimgO cptecinpe br Acesso em: 25 ago. 2014 (adaptado)

Figura 2
Umidade relativa do ar, por região do país,
para o dia 28/08/2014
Regiões Umidade relativa
intervalo médio)
Norte 60 - 70%
Nordeste 90 100%
Centro-Oeste 55 - 65%
Sudeste 65.75%
Sul 90 - 100%

Disporível em: htpimagens cimatempo comb Acesso em: 25 ago. 2014 [adaptado

No dia em que foram colhidos os dados meteorológicos
apresentados, qual fator climático foi determinante para
explicar os índices de umidade relativa do ar nas regiões
Nordeste e Sul?

Altitude, que forma barreiras naturais.

Vegetação, que afeta a incidência solar.

Massas de ar, que provocam precipitações.

Correntes marítimas, que atuam na troca de calor.

Continentalidade, que influencia na amplitude
da temperatura.

voos
","725,0516414642334","832,8835964202881","55,18",0,1
2207,82,CH,66498,C,"30,0",0,,"1,31749","0,44063","0,18259",Amarela,PROVA AMARELA REGULAR,,"0,0",2019,"544,0657138824463",https://niedsonemanoel.com.br/enem/An%C3%A1lise%20de%20Itens/OrdenarPorTri/1.%20Itens%20BNI_/66498.png,"Questão 82

O Instituto Brasileiro do Meio Ambiente e dos
Recursos Naturais Renováveis (Ibama) está investigando
o extermínio de abelhas por intoxicação por agrotóxicos.
em colmeias de São Paulo e Minas Gerais. Os estudos.
com inseticidas do tipo neonicotinoides devem estar
“concluídos no primeiro semestre de 2015. Trata-se de
um problema de escala mundial, presente, inclusive,
em países do chamado primeiro mundo, e que traz,
“como consequência, grave ameaça aos seres vivos
do planeta, inclusive ao homem.

IBAMA. Polinizadores om risco de extinção são ameaça

à vida do ser humano. Disponível em: wmma govtr.
Acesso em: 10 mar. 2014.

Qual solução para o problema apresentado garante a
produtividade da agricultura modema?

O Preservação da área de mata
O Adoção da prática de adubação química.

O Utilização da técnica de controle biológico.

O Ampliação do modelo de monocultura tropical.
O Intensificação da drenagem do solo de várzea.

","629,619836807251","877,3677349090576","59,13",0,1
2923,61,CH,112015,C,"27,0",0,,"1,02685","0,10876","0,19583",AMARELA,PROVA AMARELA REGULAR,,"0,0",2020,"510,8683109283447",https://niedsonemanoel.com.br/enem/An%C3%A1lise%20de%20Itens/OrdenarPorTri/1.%20Itens%20BNI_/112015.png,"Questão 61
TEXTOI

Rio Tietê, São Paulo (SP), Foto: Delfm Marins/Puisar
TEXTO

O Rio Tietê está morto. Ao menos uma parte
dele: 137 quilômetros, para ser mais preciso. Uma
pesquisa da Fundação SOS Mata Atlântica mostra
que, em 2016, O trecho do rio com qualidade de
água classificada como ruim ou péssima começa
em Itaquaquecetuba, passa por toda a Região
Metropolitana de São Paulo e chega até Cabreúva,
já no interior de São Paulo. Nesse trecho, a água não
tem oxigênio suficiente para abrigar vida.

Oionhel emo eoca gt cem ear em 7 2117 (ta

Considerando a análise dos textos, a condição atual
desse rio tem como origem a

o

valorização do sítio urbano.
extinção da vegetação nativa.

recepção de densa carga de dejetos
captação desordenada do regime pluvial.
expansão do uso de defensivos químicos.

o
o
o
(E)
","618,5381412506104","936,9080066680908","59,79",0,1
